behavioural_variable,context_variable,N,spearman_rho,direction,magnitude_descriptor_PREDECLARED,reading,status,screening_note
median_age,club_value_percentile,16,-0.3018,moved in opposite directions,WEAK,"Within the documented sample (N=16), median_age and club_value_percentile moved in opposite directions.","DESCRIPTIVE ASSOCIATION — no p-value, no significance claim, no causal claim, no regression",Full 4x4 predeclared grid reported; no pair was selected after seeing the numbers
median_age,squad_market_value_m,16,-0.2401,moved in opposite directions,WEAK,"Within the documented sample (N=16), median_age and squad_market_value_m moved in opposite directions.","DESCRIPTIVE ASSOCIATION — no p-value, no significance claim, no causal claim, no regression",Full 4x4 predeclared grid reported; no pair was selected after seeing the numbers
median_age,club_position_percentile,16,-0.0059,moved in opposite directions,NEGLIGIBLE,"Within the documented sample (N=16), median_age and club_position_percentile moved in opposite directions.","DESCRIPTIVE ASSOCIATION — no p-value, no significance claim, no causal claim, no regression",Full 4x4 predeclared grid reported; no pair was selected after seeing the numbers
median_age,pts,16,0.0266,moved together,NEGLIGIBLE,"Within the documented sample (N=16), median_age and pts moved together.","DESCRIPTIVE ASSOCIATION — no p-value, no significance claim, no causal claim, no regression",Full 4x4 predeclared grid reported; no pair was selected after seeing the numbers
u23_share,club_value_percentile,16,0.5355,moved together,MODERATE,"Within the documented sample (N=16), u23_share and club_value_percentile moved together.","DESCRIPTIVE ASSOCIATION — no p-value, no significance claim, no causal claim, no regression",Full 4x4 predeclared grid reported; no pair was selected after seeing the numbers
u23_share,squad_market_value_m,16,0.4551,moved together,MODERATE,"Within the documented sample (N=16), u23_share and squad_market_value_m moved together.","DESCRIPTIVE ASSOCIATION — no p-value, no significance claim, no causal claim, no regression",Full 4x4 predeclared grid reported; no pair was selected after seeing the numbers
u23_share,club_position_percentile,16,0.1328,moved together,NEGLIGIBLE,"Within the documented sample (N=16), u23_share and club_position_percentile moved together.","DESCRIPTIVE ASSOCIATION — no p-value, no significance claim, no causal claim, no regression",Full 4x4 predeclared grid reported; no pair was selected after seeing the numbers
u23_share,pts,16,0.0768,moved together,NEGLIGIBLE,"Within the documented sample (N=16), u23_share and pts moved together.","DESCRIPTIVE ASSOCIATION — no p-value, no significance claim, no causal claim, no regression",Full 4x4 predeclared grid reported; no pair was selected after seeing the numbers
age_30plus_share,club_value_percentile,16,-0.2939,moved in opposite directions,WEAK,"Within the documented sample (N=16), age_30plus_share and club_value_percentile moved in opposite directions.","DESCRIPTIVE ASSOCIATION — no p-value, no significance claim, no causal claim, no regression",Full 4x4 predeclared grid reported; no pair was selected after seeing the numbers
age_30plus_share,squad_market_value_m,16,-0.2152,moved in opposite directions,WEAK,"Within the documented sample (N=16), age_30plus_share and squad_market_value_m moved in opposite directions.","DESCRIPTIVE ASSOCIATION — no p-value, no significance claim, no causal claim, no regression",Full 4x4 predeclared grid reported; no pair was selected after seeing the numbers
age_30plus_share,club_position_percentile,16,0.1064,moved together,NEGLIGIBLE,"Within the documented sample (N=16), age_30plus_share and club_position_percentile moved together.","DESCRIPTIVE ASSOCIATION — no p-value, no significance claim, no causal claim, no regression",Full 4x4 predeclared grid reported; no pair was selected after seeing the numbers
age_30plus_share,pts,16,0.1766,moved together,NEGLIGIBLE,"Within the documented sample (N=16), age_30plus_share and pts moved together.","DESCRIPTIVE ASSOCIATION — no p-value, no significance claim, no causal claim, no regression",Full 4x4 predeclared grid reported; no pair was selected after seeing the numbers
top5_valuation_concentration,club_value_percentile,16,0.1657,moved together,NEGLIGIBLE,"Within the documented sample (N=16), top5_valuation_concentration and club_value_percentile moved together.","DESCRIPTIVE ASSOCIATION — no p-value, no significance claim, no causal claim, no regression",Full 4x4 predeclared grid reported; no pair was selected after seeing the numbers
top5_valuation_concentration,squad_market_value_m,16,0.1811,moved together,NEGLIGIBLE,"Within the documented sample (N=16), top5_valuation_concentration and squad_market_value_m moved together.","DESCRIPTIVE ASSOCIATION — no p-value, no significance claim, no causal claim, no regression",Full 4x4 predeclared grid reported; no pair was selected after seeing the numbers
top5_valuation_concentration,club_position_percentile,16,0.5447,moved together,MODERATE,"Within the documented sample (N=16), top5_valuation_concentration and club_position_percentile moved together.","DESCRIPTIVE ASSOCIATION — no p-value, no significance claim, no causal claim, no regression",Full 4x4 predeclared grid reported; no pair was selected after seeing the numbers
top5_valuation_concentration,pts,16,0.5259,moved together,MODERATE,"Within the documented sample (N=16), top5_valuation_concentration and pts moved together.","DESCRIPTIVE ASSOCIATION — no p-value, no significance claim, no causal claim, no regression",Full 4x4 predeclared grid reported; no pair was selected after seeing the numbers
median_age,club_value_quartile=Q1,6,NA,NA (quartile summary),NA,median = 27.0705,DESCRIPTIVE QUARTILE SUMMARY,Reported for all four quartiles including empty ones
median_age,club_value_quartile=Q2,4,NA,NA (quartile summary),NA,median = 25.7960,DESCRIPTIVE QUARTILE SUMMARY,Reported for all four quartiles including empty ones
median_age,club_value_quartile=Q3,4,NA,NA (quartile summary),NA,median = 25.9261,DESCRIPTIVE QUARTILE SUMMARY,Reported for all four quartiles including empty ones
median_age,club_value_quartile=Q4,2,NA,NA (quartile summary),NA,median = 22.9117,DESCRIPTIVE QUARTILE SUMMARY,Reported for all four quartiles including empty ones
u23_share,club_value_quartile=Q1,6,NA,NA (quartile summary),NA,median = 0.2465,DESCRIPTIVE QUARTILE SUMMARY,Reported for all four quartiles including empty ones
u23_share,club_value_quartile=Q2,4,NA,NA (quartile summary),NA,median = 0.3686,DESCRIPTIVE QUARTILE SUMMARY,Reported for all four quartiles including empty ones
u23_share,club_value_quartile=Q3,4,NA,NA (quartile summary),NA,median = 0.3753,DESCRIPTIVE QUARTILE SUMMARY,Reported for all four quartiles including empty ones
u23_share,club_value_quartile=Q4,2,NA,NA (quartile summary),NA,median = 0.5000,DESCRIPTIVE QUARTILE SUMMARY,Reported for all four quartiles including empty ones
age_30plus_share,club_value_quartile=Q1,6,NA,NA (quartile summary),NA,median = 0.2944,DESCRIPTIVE QUARTILE SUMMARY,Reported for all four quartiles including empty ones
age_30plus_share,club_value_quartile=Q2,4,NA,NA (quartile summary),NA,median = 0.2730,DESCRIPTIVE QUARTILE SUMMARY,Reported for all four quartiles including empty ones
age_30plus_share,club_value_quartile=Q3,4,NA,NA (quartile summary),NA,median = 0.2614,DESCRIPTIVE QUARTILE SUMMARY,Reported for all four quartiles including empty ones
age_30plus_share,club_value_quartile=Q4,2,NA,NA (quartile summary),NA,median = 0.2368,DESCRIPTIVE QUARTILE SUMMARY,Reported for all four quartiles including empty ones
top5_valuation_concentration,club_value_quartile=Q1,6,NA,NA (quartile summary),NA,median = 0.4223,DESCRIPTIVE QUARTILE SUMMARY,Reported for all four quartiles including empty ones
top5_valuation_concentration,club_value_quartile=Q2,4,NA,NA (quartile summary),NA,median = 0.4684,DESCRIPTIVE QUARTILE SUMMARY,Reported for all four quartiles including empty ones
top5_valuation_concentration,club_value_quartile=Q3,4,NA,NA (quartile summary),NA,median = 0.3925,DESCRIPTIVE QUARTILE SUMMARY,Reported for all four quartiles including empty ones
top5_valuation_concentration,club_value_quartile=Q4,2,NA,NA (quartile summary),NA,median = 0.4624,DESCRIPTIVE QUARTILE SUMMARY,Reported for all four quartiles including empty ones
