variable,season,N_rows,N_directors,median,IQR,minimum,maximum,note
median_age,2022-2023,8,8,26.2820,2.4747,22.9117,28.3915,Descriptive only. Three seasons cannot support a time-series or trend claim.
median_age,2023-2024,3,3,27.3142,0.7906,25.9849,27.5661,Descriptive only. Three seasons cannot support a time-series or trend claim.
median_age,2024-2025,5,5,24.2628,1.0938,22.3751,27.4442,Descriptive only. Three seasons cannot support a time-series or trend claim.
median_age,ACROSS-SEASON SPREAD OF SEASON MEDIANS,16,10,NA,NA,24.2628,27.3142,season-median range = 3.0513; compare with the full-sample IQR to judge whether apparent director differences may be season shifts
u23_share,2022-2023,8,8,0.3485,0.1039,0.1724,0.5000,Descriptive only. Three seasons cannot support a time-series or trend claim.
u23_share,2023-2024,3,3,0.3438,0.1014,0.1667,0.3696,Descriptive only. Three seasons cannot support a time-series or trend claim.
u23_share,2024-2025,5,5,0.4419,0.0650,0.1818,0.5455,Descriptive only. Three seasons cannot support a time-series or trend claim.
u23_share,ACROSS-SEASON SPREAD OF SEASON MEDIANS,16,10,NA,NA,0.3438,0.4419,season-median range = 0.0981; compare with the full-sample IQR to judge whether apparent director differences may be season shifts
age_30plus_share,2022-2023,8,8,0.2633,0.0524,0.1842,0.3103,Descriptive only. Three seasons cannot support a time-series or trend claim.
age_30plus_share,2023-2024,3,3,0.2812,0.0196,0.2609,0.3000,Descriptive only. Three seasons cannot support a time-series or trend claim.
age_30plus_share,2024-2025,5,5,0.1579,0.1484,0.1136,0.3030,Descriptive only. Three seasons cannot support a time-series or trend claim.
age_30plus_share,ACROSS-SEASON SPREAD OF SEASON MEDIANS,16,10,NA,NA,0.1579,0.2812,season-median range = 0.1234; compare with the full-sample IQR to judge whether apparent director differences may be season shifts
top5_valuation_concentration,2022-2023,8,8,0.4634,0.0341,0.2933,0.5113,Descriptive only. Three seasons cannot support a time-series or trend claim.
top5_valuation_concentration,2023-2024,3,3,0.4002,0.0553,0.3620,0.4725,Descriptive only. Three seasons cannot support a time-series or trend claim.
top5_valuation_concentration,2024-2025,5,5,0.4386,0.0221,0.4059,0.5469,Descriptive only. Three seasons cannot support a time-series or trend claim.
top5_valuation_concentration,ACROSS-SEASON SPREAD OF SEASON MEDIANS,16,10,NA,NA,0.4002,0.4634,season-median range = 0.0632; compare with the full-sample IQR to judge whether apparent director differences may be season shifts
