claim_id,topic,supported_statement,supporting_artifact,sample_n,allowed_wording,forbidden_wording,main_limitation,paper_section,figure_or_table
CLM01,Observed behavioural variation,"Within the documented sample, the observed squads under different Sporting Directors differed materially on all four locked profile variables (median squad age ranged 22.3751-28.3915 years; observed under-23 share 0.1667-0.5455).",stage4_b0_raw_behavior.csv; stage4_b0_summary_statistics.csv,16 rows,"Within the documented sample, the observed squads under X were younger than those under Y.",X prefers young players / X's intrinsic style is youth-oriented / these are director types.,16 of 60 club-seasons; rows are not independent.,Results 7,FIG1
CLM02,Between- vs within-director spread,"Within the documented sample, the spread between directors' observed medians exceeded the median within-director range on all four locked variables.",stage4_profile_variable_survival.csv,14 rows / 8 directors,Observed squads under some directors were consistently older across multiple documented seasons.,Director X has an intrinsic preference for older players.,"Only 4 of 8 directors have repeated seasons and only 2 of those changed club, so consistency is confounded with remaining at the same club.",Results 7,FIG2
CLM03,Evidence support is unequal,Four of the eight directors in the director-level sample are documented for a single season.,stage4_b1_director_summaries.csv,8 directors,Across X's observed seasons... (with n_seasons and n_clubs stated).,A one-season director's summary is a profile.,Half the director summaries rest on one squad.,Results 7,FIG2
CLM04,Club-context dependence,"Within the documented sample, the observed under-23 share and the club's within-season squad-value percentile moved together (Spearman rho = +0.5355, N = 16, predeclared band MODERATE).",stage4_b3_context_associations.csv,16,"Within the documented sample, u23_share is positively associated with club-value percentile (descriptive association).",Sporting Directors at richer clubs prefer youth / club wealth causes youth recruitment / u23 share predicts club value.,"Descriptive association only; no test, no p-value, no fitted line; the high-value end holds only the 2 co-managed Barcelona rows.",Results 8,FIG3
CLM05,Season dependence,For age_30plus_share the spread of season medians was 1.8815x the full-sample IQR.,stage4_season_sensitivity.csv; stage4_profile_variable_survival.csv,16 rows / 3 seasons,An apparent difference between directors on the 30-plus share may reflect the season in which they were observed.,The league got younger over time / there is a trend in squad ageing.,"Three seasons cannot support a trend; this is a caution, not a time series.",Results 8,FIG1
CLM06,Multi-club case evidence,"In the only 2 documented cross-club cases (Antonio Cordon; Victor Orta), the second club's observed squad was younger on median age and higher on under-23 share.",stage4_b2_multiclub_cases.csv,2 directors / 4 rows,Case evidence suggests... (naming both the club change and the season change).,Operating style travels with the director / a director effect / adaptation / style persistence.,"Club change, season change and club resource level are collinear in both cases; n = 2.",Results 9,FIGS1
CLM07,Sample coverage,The director-level behavioural sample contains 0 rows from clubs in the highest within-season squad-value quartile.,stage4_sample_composition.csv,14 director-level rows,No statement in this work applies to Spain's wealthiest clubs.,This represents La Liga / these are league-wide patterns.,"Both Q4 rows are one co-managed Barcelona club-season, excluded from director summaries.",Results 10,FIG4
CLM08,Quality robustness,Restricting to GREEN-quality rows shifted the sample medians by at most 0.06 years or 0.011 proportion and preserved the rank ordering of the retained directors on all four variables.,stage4_quality_sensitivity.csv,16 vs 7 rows,The descriptive picture is robust to documentation quality within the documented sample.,The findings are validated / confirmed / replicated.,"GREEN-only retains 5 of 8 directors and ZERO multi-club directors, so it is diagnostic only.",Results 12,TAB2
CLM09,No causal content,No causal estimand exists anywhere in the V2 cycle; no effect is identified and no counterfactual is defined.,stage3_path_decision.csv; stage4_path_decision.csv,n/a,Associated with / co-occurs with / historically observed alongside.,Causes / drives / explains / leads to / results in.,"Season-level incumbency is documented exposure, not established decision authority.",Discussion 12,n/a
CLM10,No model,"No model was developed, fitted or evaluated at any point in the V2 cycle; Stages 5, 6 and 7 were skipped on scientific grounds.",Handoff.md tracker; docs/v2_spain/Stage8VisualEvidenceSynthesis.md,n/a,"The sample cannot support a defensible model, so none was built.",Our model shows / we predict / out-of-sample performance.,Nothing in this work has out-of-sample support.,Methods 6,n/a
