limitation_id,limitation,severity,claim_constrained,mitigation_used,residual_risk
L01,"Limited behavioural N (16 rows, 10 directors, 9 clubs)",CRITICAL,Every quantitative claim; forbids any population statement,"N printed in every figure title, table and claim row; no test performed at any point",Readers may still over-read a visually striking pattern from 16 points
L02,Only 2 multi-club directors; none with 3,CRITICAL,Any claim that an operating pattern belongs to the person rather than the club,Multi-club evidence confined to a supplementary case figure and labelled case evidence,The headline V2 question — do profiles travel? — remains unanswered
L03,Zero Q4 (highest-value club) rows in the director-level sample,CRITICAL,"Any claim about Spain's wealthiest clubs, and any representativeness claim",Made a core figure (FIG4) rather than a footnote; qualifier attached to every director claim,None — the limit is absolute; those clubs simply cannot be discussed
L04,Three-season behavioural window (2022-2023 to 2024-2025),HIGH,"Any trend, trajectory or time-series claim",Season sensitivity reported; no time-series method used,Season and director are partly confounded for single-season directors
L05,Co-incumbency: 2 Layer B rows are one squad under two executives,HIGH,Any director-level claim about Barcelona 2022-2023,Excluded from director summaries and never duplicated; retained in club-context description,Removes the only high-value club-season from director-level evidence (see L03)
L06,YELLOW-quality rows are 9 of 16 and include both multi-club directors,MEDIUM,Confidence in the incumbency record behind those rows,"GREEN-only sensitivity run and reported; medians shifted <= 0.06 years, ordering preserved","GREEN-only would delete the cross-club evidence entirely, so quality and coverage trade off"
L07,Season dependence: age_30plus_share season spread = 1.8815x its IQR,HIGH,Any between-director comparison on the 30-plus share,Disclosed beside the predeclared survival grade rather than used to re-grade the variable,A director difference on this variable may be a season artefact
L08,Club-context dependence: u23_share vs club value rho = +0.5355,HIGH,Any claim that a youth orientation is a director's disposition,Reported as a core result (FIG3) rather than hidden; context kept out of the profile vector,Part of the apparent behavioural signal is club resource level
L09,"Player movements are DERIVED from squad membership, not observed transactions",HIGH,"Any claim about signings, sales, recruitment activity or squad turnover",Movement kept appendix-only in Stage 4 and used in NO Stage 8 or Stage 9 figure or claim,None for this package — no movement claim is made anywhere
L10,No loan vs permanent distinction exists in the source data,HIGH,"Any claim distinguishing a loan from a transfer, or temporary from permanent squad change",No movement-type claim is made,None for this package
L11,No transfer fees exist in the source data; only market-value proxies,HIGH,"Any claim about spend, profit, margin, trading or financial performance",Locked terminology: market value != fee; change in value != profit; squad value != budget,Readers may still mistake a valuation proxy for money
L12,Non-random observability: inclusion depends on documentation availability,CRITICAL,Any inference from the sample to the league,Inverse-probability weighting considered and REJECTED as unestimable; composition disclosed instead,"The selection mechanism is neither random nor modelled, so no correction is possible"
L13,Spain-only scope; La Liga top flight only,HIGH,Any claim beyond Spanish top-flight professional football,Frozen as forbidden claim 12 since V2 Stage 0; prior cycle showed Spain was the outlier country,None if the scope sentence is kept in every claim
L14,"Season-level incumbency is exposure, not decision authority",CRITICAL,Any claim that a named person decided a signing or built a squad,Language fixed to 'the observed squad under X' rather than 'X built',"The link between the individual and the squad is documentary, not evidential"
L15,No model exists; Stages 5-7 scientifically skipped,MEDIUM,"Any predictive, out-of-sample or model-validation claim",Skips recorded with methodological reasons; no model artifact exists anywhere in the project,The work is descriptive by construction and will read as such to a modelling-oriented reviewer
